date,username,to,replies,retweets,favorites,text,geo,mentions,hashtags,id,permalink
2019-10-11 23:52:01,crimsong19,,1,0,2,"But I made relatively good time on weekly report & other emails, had a good veggie Chinese lunch & made it to a (comped) screening of #ParasiteMovie. Also had a nice chat with a NBC Page while waiting to (not) get into tonight's @allinwithchris. I'll be back, though ... #inners",,@allinwithchris,#ParasiteMovie #inners,1182806086014984192,https://twitter.com/crimsong19/status/1182806086014984192
2019-10-11 23:42:06,kleetampa,MattDentler,0,0,0,"Who needs a #film review? This kinda says it all. #ParasiteMovie https://twitter.com/MattDentler/status/1182686913133592576 …",,,#film #ParasiteMovie,1182803593579126785,https://twitter.com/kleetampa/status/1182803593579126785
2019-10-11 23:30:16,Lainey9S,,0,0,0,"Three best movies so far this year 1. #ParasiteMovie 2. #Joker 3. #OnceUponATimeInHollywoodpic.twitter.com/OyUh3wZ3v8",,,#ParasiteMovie #Joker #OnceUponATimeInHollywoodpic,1182800614759288833,https://twitter.com/Lainey9S/status/1182800614759288833
2019-10-11 23:30:14,MTimonez,quiethandfilms,0,0,0,"Amazing movie , I was gripped from start to finish . #ParasiteMovie",,,#ParasiteMovie,1182800605733117952,https://twitter.com/MTimonez/status/1182800605733117952
2019-10-11 23:28:59,adubats,TomiLaffly,0,0,3,"I want to see #ParasiteMovie https://twitter.com/TomiLaffly/status/1182633647293243393 …",,,#ParasiteMovie,1182800290145329152,https://twitter.com/adubats/status/1182800290145329152
2019-10-11 23:28:21,_PhongLe,,1,3,11,". @ParasiteMovie might just be the best film of the year. If it's playing near you, go out and see this masterful film this weekend. Even better if you go in blind. #Parasite #ParasiteMovie",,@ParasiteMovie,#Parasite #ParasiteMovie,1182800130581258242,https://twitter.com/_PhongLe/status/1182800130581258242
2019-10-11 23:27:07,dan_something,,0,2,6,"I went into #Parasite without knowing anything about it and was blown away. Most critics feel the same way. Yowza! --> http://bit.ly/324RBjE @ParasiteMovie #ParasiteMovie pic.twitter.com/AaczCK9kiZ",,@ParasiteMovie,#Parasite #ParasiteMovie,1182799820811059201,https://twitter.com/dan_something/status/1182799820811059201
2019-10-11 23:24:27,JustDeeSousa,,0,0,0,"Watching #ParasiteMovie and...this is so good!!!!",,,#ParasiteMovie,1182799151710588933,https://twitter.com/JustDeeSousa/status/1182799151710588933
2019-10-11 23:19:43,Lainey9S,,1,0,1,"Just saw #ParasiteMovie @#IFC...A Must See (if you can score a ticket) Class Struggle/Discrimination and Greed perpetrated by a family of Con Artists.Tightly woven direction by #BoonJongHo Winner of Palme d'Or at Cannes..only playing in NYC and L.A.https://youtu.be/isOGD_7hNIY",,@,#ParasiteMovie #IFC #BoonJongHo,1182797958129029120,https://twitter.com/Lainey9S/status/1182797958129029120
2019-10-11 23:17:08,BobDiddict,,0,0,0,"Hyped to see #ParasiteMovie this weekend. https://youtu.be/isOGD_7hNIY",,,#ParasiteMovie,1182797308158713856,https://twitter.com/BobDiddict/status/1182797308158713856
2019-10-11 23:15:55,madamyez,jadabird,0,0,0,"I am soooo eager to see this movie. #Parasite #ParasiteMovie https://twitter.com/jadabird/status/1182677149804830720 …",,,#Parasite #ParasiteMovie,1182797002280722433,https://twitter.com/madamyez/status/1182797002280722433
2019-10-11 22:41:54,baphometx,,0,3,1,"#ParasiteMovie - The director #BongJoonHo Reveals Five Films That Inspired His Masterpiece https://theplaylist.net/parasite-five-films-bong-joon-ho-20191011/ …pic.twitter.com/0WBEwCaa1z",,,#ParasiteMovie #BongJoonHo,1182788442306031616,https://twitter.com/baphometx/status/1182788442306031616
2019-10-11 22:39:08,cantw8tobeking,,1,0,0,"Parasite completely sold out in NYC @Gio_Insignares #ParasiteMovie",,@Gio_Insignares,#ParasiteMovie,1182787747267915777,https://twitter.com/cantw8tobeking/status/1182787747267915777
2019-10-11 21:59:48,NextBestPicture,,4,9,95,"At least one thing is right in this unjust world #ParasiteMovie #FilmTwitterpic.twitter.com/sor3xJ5iK3",,,#ParasiteMovie #FilmTwitterpic,1182777847708028928,https://twitter.com/NextBestPicture/status/1182777847708028928
2019-10-11 21:42:35,LSmeenk,,0,0,1,"#Parasite is now playing in select theaters. Go see if it's playing near you, or look up when it will be. Can't wait to see it again. #Bonghive @ParasiteMovie #parasitemovie #bongjoonho #bestpicture #imdeadlyseriouspic.twitter.com/KK1hdaKMNp",,@ParasiteMovie,#Parasite #Bonghive #parasitemovie #bongjoonho #bestpicture #imdeadlyseriouspic,1182773516803989504,https://twitter.com/LSmeenk/status/1182773516803989504
2019-10-11 21:26:23,jonathanwatches,laughmatician,1,0,0,"Same! I’ve heard Gemini Man is a mess! Parasite is only playing in LA & NYC this weekend! I can’t wait to watch it! It expands after that. It comes out near me October 25th in Austin, Texas. @drafthouse #ParasiteMovie",,@drafthouse,#ParasiteMovie,1182769436962578433,https://twitter.com/jonathanwatches/status/1182769436962578433
2019-10-11 21:15:18,aajumma,,0,0,4,"So... @BTS_twt concert.. And a Korean film #ParasiteMovie mentioned as best film nom at Oscars.. Kimchi is THE best healthy wonder food..its a good time to be a Korean.",,@BTS_twt,#ParasiteMovie,1182766649088401408,https://twitter.com/aajumma/status/1182766649088401408
2019-10-11 20:39:36,GigPatta,,0,0,0,"Armond White doesn't like #parasitemovie. It means this film is going to get Oscar talk like Roma, Green Book, BlacKkKlansman, Bohemian Rhapsody and If Beale Street Could Talk. He didn't like all those films either and look where they ended up last year.",,,#parasitemovie,1182757664259891200,https://twitter.com/GigPatta/status/1182757664259891200
2019-10-11 20:39:01,rramos1032,ZSharf,0,0,0,"I agree! It's the best of the year, so far. #ParasiteMovie",,,#ParasiteMovie,1182757516545069059,https://twitter.com/rramos1032/status/1182757516545069059
2019-10-11 20:37:17,bhkoe,,0,1,11,"I had noted yesterday that #ParasiteMovie recalled not only the elements and choreography of farce but of the black theatrics of Joe Orton. But I would add the sinister domestic absurdism of Harold Pinter, the master of the intruder-in-the-house drama-comedy. Bong + Theater.",,,#ParasiteMovie,1182757081058701312,https://twitter.com/bhkoe/status/1182757081058701312
2019-10-11 20:29:54,TheFaithLogan,,0,1,4,"Just heard all 55 screenings of Bong Joon-ho’s latest film #Parasite (which won the coveted Palme d’Or Award @Festival_Cannes) are SOLD OUT! Congrats! An honor to work with this brilliant director on a previous film early in my career @IFC @IFCCenter #ParasiteMovie #BongJoonHo",,@Festival_Cannes @IFC @IFCCenter,#Parasite #ParasiteMovie #BongJoonHo,1182755224890552320,https://twitter.com/TheFaithLogan/status/1182755224890552320
2019-10-11 20:17:06,AALCUNYTV,,0,2,2,"@KyungNYC hanging with filmmaker Bong Joon-ho whose film @ParasiteMovie is getting a whole lot of Oscar Buzz. Whose seen it?? #GoldOpen #ParasiteMovie pic.twitter.com/5nqT5nLG57",,@KyungNYC @ParasiteMovie,#GoldOpen #ParasiteMovie,1182752001203097605,https://twitter.com/AALCUNYTV/status/1182752001203097605
2019-10-11 20:11:37,LParasyris,,1,0,1,"So #ParasiteMovie didn’t play at #LFF and isn’t going to be release in the U.K. until February 7 and all I can think is what am I going to do with my life until February the 7th.",,,#ParasiteMovie #LFF,1182750624452153349,https://twitter.com/LParasyris/status/1182750624452153349
2019-10-11 20:00:50,bwood0824,,0,0,2,"This makes me extremely happy that everyone is supporting this. #Parasite #ParasiteMovie ""Parasite immediately sells out in New York City on its opening day"" https://twitter.com/i/events/1182701516680941571 …",,,#Parasite #ParasiteMovie,1182747907201601537,https://twitter.com/bwood0824/status/1182747907201601537
2019-10-11 19:59:05,CineMovie,,0,1,0,"#JokerMovie and #ParasiteMovie should be the ultimate double feature this #weekend. #boxofficehttps://cinemovie.tv/Movie-Reviews/joker-movie-isn-t-the-best-movie-of-the-year-its-parasite …",,,#JokerMovie #ParasiteMovie #weekend #boxofficehttps,1182747466719875072,https://twitter.com/CineMovie/status/1182747466719875072
2019-10-11 19:46:43,WomenRockFilm,jadabird,0,0,1,"Ultimately good for everyone :) #ParasiteMovie https://twitter.com/jadabird/status/1182677149804830720 …",,,#ParasiteMovie,1182744356278718474,https://twitter.com/WomenRockFilm/status/1182744356278718474
2019-10-11 19:42:16,VidaDeJose,,0,0,1,"Damn couldn’t cop #ParasiteMovie",,,#ParasiteMovie,1182743235627757573,https://twitter.com/VidaDeJose/status/1182743235627757573
2019-10-11 19:22:37,HCAcritics,,0,13,35,"We are honored to announce that Bong Joon-ho’s Parasite is this week’s LAOFCS Movie Pick of the Week. A huge congratulations to everyone involved including Neon, Bong Joon-ho, and the entire cast & crew. Parasite is a masterwork & one of the best films of the year #ParasiteMovie pic.twitter.com/xjiQLOzxaW",,,#ParasiteMovie,1182738289972797440,https://twitter.com/HCAcritics/status/1182738289972797440
2019-10-11 18:46:21,christylemire,,3,2,14,"It's Friday on @KCRWPressPlay! That means it's time for movies. @WilliamBibbiani and I talk #GeminiMan #ParasiteMovie #TheAddamsFamily #TheKing. Tune in noonish. It'll be peachy.pic.twitter.com/aTcnxnvHQs",,@KCRWPressPlay @WilliamBibbiani,#GeminiMan #ParasiteMovie #TheAddamsFamily #TheKing,1182729165163745280,https://twitter.com/christylemire/status/1182729165163745280
2019-10-11 18:42:48,RamasScreen,,0,0,0,"Watch this video review of #PARASITE #ParasiteMovie and SUBSCRIBE to http://YouTube.com/ramascreen1 today and support me at http://Patreon.com/ramascreen https://www.ramascreen.com/movie-review-bong-joon-hos-parasite/ … https://www.ramascreen.com/movie-review-bong-joon-hos-parasite/ …",,,#PARASITE #ParasiteMovie,1182728272658030594,https://twitter.com/RamasScreen/status/1182728272658030594
2019-10-11 18:41:37,koreasocietyart,,0,0,0,"Happy Opening Day! #ParasiteMovie ‘Parasite’ Review: The Lower Depths Rise With a Vengeance https://nyti.ms/2M68mpg",,,#ParasiteMovie,1182727973033697280,https://twitter.com/koreasocietyart/status/1182727973033697280
2019-10-11 18:37:25,Scrface87,,1,0,1,"I want to go watch #ParasiteMovie tonight and NO ONE is available pic.twitter.com/Waykc3QPvf",,,#ParasiteMovie,1182726916924567552,https://twitter.com/Scrface87/status/1182726916924567552
2019-10-11 18:35:19,TriciaONeil17,ParasiteMovie,0,0,1,"Sold out in NYC in an hour. #ParasiteMovie #FridayMotivationhttps://twitter.com/ParasiteMovie/status/1182445708793827331 …",,,#ParasiteMovie #FridayMotivationhttps,1182726389180579842,https://twitter.com/TriciaONeil17/status/1182726389180579842
2019-10-11 18:30:29,apocalypser7,IndieWire,0,0,0,"Just hoping #ParasiteMovie will be releasing in #Kolkatahttps://twitter.com/IndieWire/status/1182717503815835648 …",,,#ParasiteMovie #Kolkatahttps,1182725172970708993,https://twitter.com/apocalypser7/status/1182725172970708993
2019-10-11 18:30:00,DenofGeekUS,,0,1,4,"Our discussion with Song Kang-ho about working with Bong Joon-ho over the years, including in their new masterpiece, #ParasiteMovie. Its Oscar chances also came up... https://www.denofgeek.com/us/movies/283797/parasite-song-kang-ho-best-picture …",,,#ParasiteMovie,1182725049134080001,https://twitter.com/DenofGeekUS/status/1182725049134080001
2019-10-11 18:26:36,kimbermyers,,0,0,10,"Literally every showtime for #ParasiteMovie is sold out this weekend in NYC, and I'm at once exhilarated and sad because I have to wait to see it again. pic.twitter.com/QWRJffCTXi",,,#ParasiteMovie,1182724194951483392,https://twitter.com/kimbermyers/status/1182724194951483392
2019-10-11 18:25:22,SamuraiPaps,,0,0,4,"I fully believe #ParasiteMovie is the best movie of 2019, but Once Upon A Time In Hollywood is still my favorite. That make sense?",,,#ParasiteMovie,1182723883507552256,https://twitter.com/SamuraiPaps/status/1182723883507552256
2019-10-11 18:13:27,FestivalinLA,,0,0,1,"Festival In LA: #ParasiteMovie Accomplishes the South Korea Dream: http://www.festivalinla.com/2019/10/parasite-accomplishes-south-korea-dream.html …pic.twitter.com/4cx9I0JS42",,,#ParasiteMovie,1182720884399722496,https://twitter.com/FestivalinLA/status/1182720884399722496
2019-10-11 18:12:57,wchristinec,jadabird,0,0,2,"Impossible as it seems, his movies keep getting better. And he always nails the ending. Can't wait for #ParasiteMovie to get in more people's heads.",,,#ParasiteMovie,1182720758499495937,https://twitter.com/wchristinec/status/1182720758499495937
2019-10-11 18:11:22,wchristinec,jadabird,1,0,2,"#ParasiteMovie ok that's it I'm going to have to go to LA to watch it again. #BongJoonHo #Oscars2020https://twitter.com/jadabird/status/1182683004277346310 …",,,#ParasiteMovie #BongJoonHo #Oscars2020https,1182720362624229377,https://twitter.com/wchristinec/status/1182720362624229377
2019-10-11 18:09:57,riceallday247,,0,0,0,"Is this movie based on anime? Anyone know. #ParasiteMovie",,,#ParasiteMovie,1182720002547486720,https://twitter.com/riceallday247/status/1182720002547486720
2019-10-11 18:09:12,EWlive,,0,0,6,"Looking for something to watch this weekend? Well @Leahbats and @KyleAEW have you covered! They discuss #ParasiteMovie #GeminiMan #LittleMonsters and more on this week's #InTheatersNow all available on the @SIRIUSXM app.pic.twitter.com/ENNtdnyryu",,@Leahbats @KyleAEW @SIRIUSXM,#ParasiteMovie #GeminiMan #LittleMonsters #InTheatersNow,1182719813510144001,https://twitter.com/EWlive/status/1182719813510144001
2019-10-11 18:03:09,mofromjo,mofromjo,0,1,0,"I was very lucky that I got to see Bong Joon Ho's #parasite back in may before its official release everywhere. #ParasiteMovie for the Oscar's #봉준호 #기생충https://twitter.com/mofromjo/status/1133950078421389312 …",,,#parasite #ParasiteMovie #봉준호 #기생충https,1182718292596797450,https://twitter.com/mofromjo/status/1182718292596797450
2019-10-11 18:01:51,tysonotyler,,0,0,1,"Everyone get tickets to #ParasiteMovie and BONG yourselves into oblivion.",,,#ParasiteMovie,1182717967328395264,https://twitter.com/tysonotyler/status/1182717967328395264
2019-10-11 17:59:49,TheKThree,angryasianman,0,0,1,"We got tix for Sunday in LA w Director / Actors talk back!! SO EXCITED #ParasiteMovie",,,#ParasiteMovie,1182717453677154304,https://twitter.com/TheKThree/status/1182717453677154304
2019-10-11 17:50:07,pathissaraNew,RottenTomatoes,0,0,0,"My god!!!! 100% ? #ParasiteMovie I gotta.. https://twitter.com/RottenTomatoes/status/1179469094254301184 …",,,#ParasiteMovie,1182715012340690944,https://twitter.com/pathissaraNew/status/1182715012340690944
2019-10-11 17:47:07,The_Popcorn_Pod,ZSharf,0,0,1,"Check out our thoughts on the films new trailer in just a few hours! #ParasiteMovie https://twitter.com/ZSharf/status/1182705502750478340 …",,,#ParasiteMovie,1182714257663643649,https://twitter.com/The_Popcorn_Pod/status/1182714257663643649
2019-10-11 17:43:48,lsirikul,,3,0,7,"Today is October 11... Go watch #ParasiteMovie! pic.twitter.com/HUzCmBoyJm",,,#ParasiteMovie,1182713422988734464,https://twitter.com/lsirikul/status/1182713422988734464
2019-10-11 17:41:38,JasonGuerrasio,,1,1,7,"#ParasiteMovie is no longer 100% on Rotten Tomatoes. Guess Who? #BongHivepic.twitter.com/UJ1qM2aoeV",,,#ParasiteMovie #BongHivepic,1182712877276422145,https://twitter.com/JasonGuerrasio/status/1182712877276422145
2019-10-11 17:36:17,Trey3Williams,TomiLaffly,0,0,1,"You really do love to see it!! #ParasiteMovie https://twitter.com/TomiLaffly/status/1182709893947625474 …",,,#ParasiteMovie,1182711530124529664,https://twitter.com/Trey3Williams/status/1182711530124529664
2019-10-11 17:28:20,TomiLaffly,,6,8,70,"NEON offices right now. (Developing story.) #ParasiteMovie pic.twitter.com/041DwVJBpJ",,,#ParasiteMovie,1182709528854433792,https://twitter.com/TomiLaffly/status/1182709528854433792
2019-10-11 17:14:03,colesmithey,,0,1,1,"PARASITE — THE SMITHEY REVIEW http://bit.ly/315xwsb If you come out of this movie thinking that the capitalist system is the invisible parasite of the story, you just might be on to something. @TedRall @ginasmith888 @WrongReel #ParasiteMovie pic.twitter.com/8ffly1QGfn",,@TedRall @ginasmith888 @WrongReel,#ParasiteMovie,1182705935489359874,https://twitter.com/colesmithey/status/1182705935489359874
2019-10-11 17:08:09,FilmRoot,,1,0,0,"1. Parasite!!! This should be at the top of your list of films to see this weekend. It has fear, anxiety, and plenty of outrageous humour. https://www.youtube.com/watch?v=isOGD_7hNIY … #ParasiteMovie #BongJoonHo",,,#ParasiteMovie #BongJoonHo,1182704451959701504,https://twitter.com/FilmRoot/status/1182704451959701504
2019-10-11 16:46:24,theinvaderzinn,,0,0,0,"@alamowinchester should try to get a screening of #ParasiteMovie",,@alamowinchester,#ParasiteMovie,1182698978627866624,https://twitter.com/theinvaderzinn/status/1182698978627866624
2019-10-11 16:20:07,Freemanski74,NewYorker,0,0,0,"#ParasiteMovie - a truly brilliant #film. My favourite of #2019 so far!https://twitter.com/NewYorker/status/1182685558218334208 …",,,#ParasiteMovie #film #2019,1182692362633367552,https://twitter.com/Freemanski74/status/1182692362633367552
2019-10-11 16:08:55,MeetMoviePress,,0,4,7,"On Meet The Movie Press this week, @ShowbizSimon is joined by guest panelist @JimmytotheO to talk #JokerMovie, the #JohnWick spin-off and more plus reviews for #ParasiteMovie and #GeminiMan. LIVE from 9.10am PT @ThePopcornTalk. Watch the show herehttps://www.youtube.com/watch?v=m0o_x0yQX4k …",,@ShowbizSimon @JimmytotheO @ThePopcornTalk,#JokerMovie #JohnWick #ParasiteMovie #GeminiMan,1182689543566135299,https://twitter.com/MeetMoviePress/status/1182689543566135299
2019-10-11 16:03:09,TheNerdieBunch,,0,1,2,"When everyone is talking about #ParasiteMovie but you have to wait another week to watch it with your AMC A-List subscription pic.twitter.com/YGrU9L4fsU",,,#ParasiteMovie,1182688094748848128,https://twitter.com/TheNerdieBunch/status/1182688094748848128
2019-10-11 14:10:12,SamuraiPaps,,0,1,2,"#ParasiteMovie comes out today in select theaters. Do whatever you can to see this as soon as possible. Words by me right now: https://popaxiom.com/review-parasite/ … Discussion on @WTRPod once @Joshlempert gets to see it. #BongHive and #FilmTwitter sound off",,@WTRPod @Joshlempert,#ParasiteMovie #BongHive #FilmTwitter,1182659671015993347,https://twitter.com/SamuraiPaps/status/1182659671015993347
2019-10-11 14:01:31,insidefilmroom,,1,2,6,"First coverage is up! Rapid reactions from @zach_goins, @JohnnySobczak and @MartinOnMovies to Bong-joon Ho's #ParasiteMovie. Stay tuned for a full review in the coming days! #FilmFest919https://insidefilmroom.com/2019/10/11/exit-survey-parasite/ …",,@zach_goins @JohnnySobczak @MartinOnMovies,#ParasiteMovie #FilmFest919https,1182657481689980931,https://twitter.com/insidefilmroom/status/1182657481689980931
2019-10-11 13:57:34,Lawandemotions,,1,0,2,"Now watching #ParasiteMovie",,,#ParasiteMovie,1182656490890502145,https://twitter.com/Lawandemotions/status/1182656490890502145
2019-10-11 13:56:54,PeterBirro,,1,3,5,"I loved this film. A masterpiece about our time. #ParasiteMovie https://www.youtube.com/watch?v=SEUXfv87Wpk …pic.twitter.com/daWRE7qXnO",,,#ParasiteMovie,1182656323281969152,https://twitter.com/PeterBirro/status/1182656323281969152
2019-10-11 13:26:25,matmcdonut,,0,0,1,"My ★★★★★ review of Parasite (2019) on @letterboxd : https://boxd.it/PSkTn TL;DR: Don't miss this one. #letterboxd #Parasite #ParasiteMovie",,@letterboxd,#letterboxd #Parasite #ParasiteMovie,1182648649270079488,https://twitter.com/matmcdonut/status/1182648649270079488
2019-10-11 13:06:22,aloompanix,,4,10,97,"Name one American actor that has had either the level of success or brazen creative courage that Song Kang Ho has displayed throughout his entire career. He’s in a class by himself. #ParasiteMovie pic.twitter.com/8PkZlPXVI6",,,#ParasiteMovie,1182643606525562881,https://twitter.com/aloompanix/status/1182643606525562881
2019-10-11 12:23:57,PastranaTweet,,0,1,12,"#Parasite (2019), FOR YOUR CONSIDERATION: Best Original Screenplay, Best Director (Bong Joon Ho), Best International Film & Best Picture pic.twitter.com/AAvPUvQlRA #ParasiteMovie #Gisaengchung",,,#Parasite #ParasiteMovie #Gisaengchung,1182632929287200769,https://twitter.com/PastranaTweet/status/1182632929287200769
2019-10-11 12:23:36,mickuslee,,0,0,0,"Saw it last night on a double bill with Gemini Man. Fantastic comedy social satire horror thriller gold. Will win Oscars. Unanimous Cannes winner. 100% rotten tomatoes. #ParasiteMovie Parasite is the must-see movie of 2019 https://theweek.com/articles/870601/parasite-mustsee-movie-2019 …https://theweek.com/articles/870601/parasite-mustsee-movie-2019 …",,,#ParasiteMovie,1182632842137919488,https://twitter.com/mickuslee/status/1182632842137919488
2019-10-11 08:24:49,alist_cat,,0,0,0,"@CAPSRadioSA #MovieMagic http://www.capsradio.co.za 3pm-4pm with Anele and Ali: Chatting about #movies on #SouthAfrican screens this weekend - #ZuluWeddingMovie #GeminiManMovie #TheAddamsFamily #TheGoldfinch #ParasiteMovie @UIPSA @EmpireEntAfrica @sterkinekor @numetro @CineCentrepic.twitter.com/sFNBBVvdJe",,@CAPSRadioSA @UIPSA @EmpireEntAfrica @sterkinekor @numetro @CineCentrepic,#MovieMagic #movies #SouthAfrican #ZuluWeddingMovie #GeminiManMovie #TheAddamsFamily #TheGoldfinch #ParasiteMovie,1182572748465414144,https://twitter.com/alist_cat/status/1182572748465414144
2019-10-11 05:35:00,paetjlee,,1,0,0,"On track for this weekend. #ParasiteMovie https://ew.com/movie-reviews/2019/10/09/parasite-review-bong-joon-ho/?utm_source=twitter.com&utm_medium=social&utm_campaign=social-share-article&utm_term=6530001 …",,,#ParasiteMovie,1182530014622830593,https://twitter.com/paetjlee/status/1182530014622830593
2019-10-11 05:05:10,MoviesandShakrs,,0,0,0,"Beautiful, brutal, brilliant take on haves and have nots. Saw #ParasiteMovie tonight #BongJoonHo @chifilmfestpic.twitter.com/s063BfZn7A",,@chifilmfestpic,#ParasiteMovie #BongJoonHo,1182522505199833088,https://twitter.com/MoviesandShakrs/status/1182522505199833088
2019-10-11 03:46:21,Terrell826,,0,0,0,"#NowScreening Parasite with #TheOverlookFamily #Parasite #ParasiteMovie #TheOverlookTheatre #TheOverlookMountain #31DaysOfHalloween #horrorgram #nonhorror #horrorjunkie #horrorfamily #horrorfilm #horrormovies… https://www.instagram.com/p/B3dp0OLFuqM/?igshid=1fq0gwdpzh01r …",,,#NowScreening #TheOverlookFamily #Parasite #ParasiteMovie #TheOverlookTheatre #TheOverlookMountain #31DaysOfHalloween #horrorgram #nonhorror #horrorjunkie #horrorfamily #horrorfilm #horrormovies,1182502671984422912,https://twitter.com/Terrell826/status/1182502671984422912
2019-10-11 03:22:25,shrifilm,,0,5,11,"Friends in #USA do yourself a favor and go see @ParasiteMovie this weekend! Don't read any reviews or watch the trailers. Just go! One of the best films of the year! #ParasiteMovie https://www.parasite-movie.com/",,@ParasiteMovie,#USA #ParasiteMovie,1182496650411028480,https://twitter.com/shrifilm/status/1182496650411028480
2019-10-11 03:03:09,NextBestPicture,ERCboxoffice,4,3,32,"And you all need to gooooooo!!! #BongHive #ParasiteMovie https://twitter.com/ERCboxoffice/status/1182378879811346432 …",,,#BongHive #ParasiteMovie,1182491802206687232,https://twitter.com/NextBestPicture/status/1182491802206687232
2019-10-11 02:52:47,NextBestPicture,,15,26,212,"Soon more of the world will finally know... #ParasiteMovie #FilmTwitterpic.twitter.com/0bwimfl6tN",,,#ParasiteMovie #FilmTwitterpic,1182489189625057280,https://twitter.com/NextBestPicture/status/1182489189625057280
2019-10-11 02:51:12,lewtron,,0,0,0,"Disappointed that there's no way to see Bong Joon-ho's Parasite in DFW for 2 more weeks. And even then only a couple theaters in a metro area of millions are showing it. Being a film fan here sucks sometimes. #ParasiteMovie",,,#ParasiteMovie,1182488793468850177,https://twitter.com/lewtron/status/1182488793468850177
2019-10-11 02:42:51,Cameron85913678,,0,0,1,"@neonrated Parasite is a must see for anyone who loves dark comedy and thrillers. Bong Joon - ho can do no wrong ! #ParasiteMovie",,@neonrated,#ParasiteMovie,1182486692164526080,https://twitter.com/Cameron85913678/status/1182486692164526080
2019-10-11 02:17:24,parasite_movie,,0,0,0,"123movies Parasite 2019 Watch or Download : https://bit.ly/2ne7UuT #Parasite #ParasiteMovie pic.twitter.com/ZqopbEZwoE",,,#Parasite #ParasiteMovie,1182480285260058625,https://twitter.com/parasite_movie/status/1182480285260058625
2019-10-11 00:27:39,NateZoebl,,0,1,3,"Watching #ParasiteMovie and already awed by the storytelling ease and momentum. Can't wait to see where this goes next.",,,#ParasiteMovie,1182452666439553025,https://twitter.com/NateZoebl/status/1182452666439553025
2019-10-10 23:55:39,mickuslee,,0,0,1,"Seeing this now. #ParasiteMovie Korean export 'Parasite' may be the class-conscious thriller of the year https://ew.com/movie-reviews/2019/10/09/parasite-review-bong-joon-ho/?utm_source=twitter.com&utm_medium=social&utm_campaign=social-share-article&utm_term=6530001 …",,,#ParasiteMovie,1182444612620881920,https://twitter.com/mickuslee/status/1182444612620881920
2019-10-10 23:54:16,holapaolaharvey,,1,1,3,"you guys, I STILL don’t know how I feel about #ParasiteMovie... maybe it was the fact that the film went into a completely different direction than I was expecting, idk, but at this point, I’m not loving it as much as everyone else and I don’t know whyyy helppp me #FilmTwitter pic.twitter.com/OrZrCnhJkG",,,#ParasiteMovie #FilmTwitter,1182444266863448064,https://twitter.com/holapaolaharvey/status/1182444266863448064
2019-10-10 23:44:10,montgomeryflan,,0,0,1,"Parasite (2019) • A film by Bong Joon Ho • I dare you not to fall in love with this film! Brilliant! #ParasiteMovie @ParasiteMovie #Parasite pic.twitter.com/kEtRebx6pk",,@ParasiteMovie,#ParasiteMovie #Parasite,1182441723592675329,https://twitter.com/montgomeryflan/status/1182441723592675329
2019-10-10 22:43:33,RamasScreen,,0,0,0,"Movie Review: Bong Joon-ho's 'PARASITE' https://youtu.be/nddNpyyyEAM via @YouTube #Parasite #ParasiteMovie #BongJoonho #movies #MovieReview #reviews #Review @neonrated #korean @ParasiteMovie",,@YouTube @neonrated @ParasiteMovie,#Parasite #ParasiteMovie #BongJoonho #movies #MovieReview #reviews #Review #korean,1182426468841713664,https://twitter.com/RamasScreen/status/1182426468841713664
2019-10-10 22:33:36,feistymexarican,,0,1,3,"#ParasiteMovie was absolutely WILD & one of the best films this year! Bong Joon Ho continues to tell compelling original stories & proves to be a master of his craft. I can't recommend this film enough & always look forward to what he does next pic.twitter.com/BktvMV9ZvW",,,#ParasiteMovie,1182423967019290625,https://twitter.com/feistymexarican/status/1182423967019290625
2019-10-10 22:17:52,the_jono_brand,,0,1,0,"Check out this year’s winner at Cannes Film Festival @ParasiteMovie Expertly directed by #bongjoonho it’s a black comedy that will take you on a horrific thrill ride. Here’s my review at @framerateduk #parasite #parasitemovie #movie #cinema #horrorhttps://www.framerated.co.uk/parasite-2019/#.XZ-rzYBUtvA.twitter …",,@ParasiteMovie @framerateduk,#bongjoonho #parasite #parasitemovie #movie #cinema #horrorhttps #,1182420007684362240,https://twitter.com/the_jono_brand/status/1182420007684362240
2019-10-10 21:50:35,FilmClubatGSU,,0,1,1,"Here are this weekend’s biggest releases! What are you looking forward to seeing? #FilmClubatGSU . . . . #georgiastateuniversity #thestateway #film #movies #filmclub #GeminiMan #TheAddamsFamily #ParasiteMovie pic.twitter.com/6CvgFtaMmU",,,#FilmClubatGSU #georgiastateuniversity #thestateway #film #movies #filmclub #GeminiMan #TheAddamsFamily #ParasiteMovie,1182413142153760768,https://twitter.com/FilmClubatGSU/status/1182413142153760768
2019-10-10 21:17:50,jonathanwatches,,2,0,4,"Which new film are you watching this weekend? #LittleMonstersFilm #TheAddamsFamily #GeminiMan #ParasiteMovie #FilmTwitter",,,#LittleMonstersFilm #TheAddamsFamily #GeminiMan #ParasiteMovie #FilmTwitter,1182404898127843338,https://twitter.com/jonathanwatches/status/1182404898127843338
2019-10-10 21:12:17,MohamedShama,,1,4,14,"What a masterpiece, I didn’t see a recent movie that contains different genres like #ParasiteMovie You can laugh, cry and scream while watching this piece of art from Joon Ho Bong @ParasiteMovie @FilmFest919 #FilmTwitter #MReportPod @MReportPodpic.twitter.com/AclahrhIBV",,@ParasiteMovie @FilmFest919 @MReportPodpic,#ParasiteMovie #FilmTwitter #MReportPod,1182403503655927808,https://twitter.com/MohamedShama/status/1182403503655927808
2019-10-10 20:47:34,holapaolaharvey,,1,2,14,"#ParasiteMovie... WHAT DID I JUST WATCH?! MY FIRST BONG JOON-HO FILM & I DON’T EVEN KNOW WHAT TO THINK. THERE IS SO MUCH TO UNPACK HERE. this movie was just pure INSANITY as it unraveled its social commentary on classism. Not my favorite but one I won’t stop thinking about.. pic.twitter.com/XjlBoCN3bD",,,#ParasiteMovie,1182397283565998080,https://twitter.com/holapaolaharvey/status/1182397283565998080
2019-10-10 20:10:18,MeetMoviePress,,0,6,9,"On Meet The Movie Press this week, @ShowbizSimon is joined by @TheOtherScottM and guest panelist @JimmytotheO to talk #JokerMovie, the #JohnWick spin-off and more plus reviews for #ParasiteMovie and #GeminiMan. LIVE from 9.10am PT @ThePopcornTalkhttps://www.youtube.com/playlist?list=PLsubzWvFXmVRO6NxVf72v1lO1Za7BsFL_ …",,@ShowbizSimon @TheOtherScottM @JimmytotheO @ThePopcornTalkhttps,#JokerMovie #JohnWick #ParasiteMovie #GeminiMan,1182387904502358017,https://twitter.com/MeetMoviePress/status/1182387904502358017
2019-10-10 19:59:13,IntFilmCritique,,3,19,80,"Bong Joon-ho's #ParasiteMovie is in theaters tomorrow. Believe the hype, this dark comedy thriller is one you do not want to miss. Probably the best Screenplay of the year. GO SEE THIS FILM! pic.twitter.com/xWzyG6ywfa",,,#ParasiteMovie,1182385113734078464,https://twitter.com/IntFilmCritique/status/1182385113734078464
2019-10-10 19:49:53,PastranaTweet,,0,0,0,"Bong Joon Ho, FOR YOUR CONSIDERATION Best Original Screenplay & Best Director #ParasiteMovie (2019). pic.twitter.com/BxV3X3WAgz",,,#ParasiteMovie,1182382763607023622,https://twitter.com/PastranaTweet/status/1182382763607023622
2019-10-10 19:46:40,feistymexarican,,1,0,1,"It's almost time! #ParasiteMovie pic.twitter.com/maOwXcRubA",,,#ParasiteMovie,1182381957474410497,https://twitter.com/feistymexarican/status/1182381957474410497
2019-10-10 19:19:26,mommydiaryblog,,0,0,0,"@ParasiteMovie is one of my favorite films of the year! Thought-provoking, suspenseful, clever and refreshing until the end. As soon as I was done I wanted to rewatch it. #ParasiteMovie",,@ParasiteMovie,#ParasiteMovie,1182375102484058112,https://twitter.com/mommydiaryblog/status/1182375102484058112
2019-10-10 18:24:49,PeilinChou,,0,0,3,"Had an amazing time at a special screening + Q&A of PARASITE last night. In addition to winning the Palme d'Or at Cannes, it has a perfect 100% on Rottentomatoes! This movie seriously goes to places you can not imagine - what an experience! #parasItemovie #bonghive #goldopenpic.twitter.com/oL6ZFYyhS1",,,#parasItemovie #bonghive #goldopenpic,1182361358664380416,https://twitter.com/PeilinChou/status/1182361358664380416
2019-10-10 17:29:12,marshbreeze1,,0,0,0,"Still sad that #ParasiteMovie won’t have any New Mexico showings, hopefully in the future!",,,#ParasiteMovie,1182347361386782723,https://twitter.com/marshbreeze1/status/1182347361386782723
2019-10-10 17:25:32,IntFilmCritique,,1,2,11,"The 28th Heartland International Film Festival begins TODAY. From Oct. 10 - 20, over 200 films from over 45 countries will screen in Indianapolis, including major Oscar contenders #JustMercy, #ParasiteMovie, #JoJoRabbit and #WavesMovie. @heartlandfilm #HIFF28pic.twitter.com/51Knnj0QS7",,@heartlandfilm,#JustMercy #ParasiteMovie #JoJoRabbit #WavesMovie #HIFF28pic,1182346439365578752,https://twitter.com/IntFilmCritique/status/1182346439365578752
2019-10-10 17:14:49,cinefemme93,,1,0,2,"parasite continues to be THAT bitch, unbothered and untouched ! #ParasiteMovie #bonghive @ParasiteMoviepic.twitter.com/g6sdKvwFj5",,@ParasiteMoviepic,#ParasiteMovie #bonghive,1182343742281306112,https://twitter.com/cinefemme93/status/1182343742281306112
2019-10-10 17:03:56,terranceflynn,,1,0,0,"Can’t wait to see this! #Cannes Palme D’Or #ParasiteMovie #thrillers #horror #koreanmoviepic.twitter.com/PFaL5yAFYw",,,#Cannes #ParasiteMovie #thrillers #horror #koreanmoviepic,1182341002469601283,https://twitter.com/terranceflynn/status/1182341002469601283
2019-10-10 17:01:20,filmwaxradio,,0,1,2,"The Korean actor Song Kang-ho appears to discuss his latest collab with filmmaker Bong Joon Ho, PARASITE, which opens tomorrow in NYC & LA. http://www.filmwaxradio.com/podcasts/episode-579/ … @Neonrated @parasitemovie #songkangho #parasitemovie #neonrated",,@Neonrated @parasitemovie,#songkangho #parasitemovie #neonrated,1182340348250603526,https://twitter.com/filmwaxradio/status/1182340348250603526
2019-10-10 16:16:42,ParasiteFanboy,,0,0,4,"South Korea's president Moon Jae-in and prime minister Lee Nak-yeon have already seen #ParasiteMovie pic.twitter.com/8ZOzX5vpNZ",,,#ParasiteMovie,1182329117103935488,https://twitter.com/ParasiteFanboy/status/1182329117103935488
2019-10-10 14:59:18,fork_knife,,0,1,6,"strong and unifying. Thank you @BingChen and Yao King for creating such an amazing organization and bringing us all together #Parasite #ParasiteMovie pic.twitter.com/7nI2Y49SGH",,@BingChen,#Parasite #ParasiteMovie,1182309637716086784,https://twitter.com/fork_knife/status/1182309637716086784
2019-10-10 12:35:29,Metaflix_,,0,0,1,"Which movie opening this week are you most excited to see? Vote! #TheAddamsFamily #GeminiMan #JEXIMovie #ParasiteMovie #Metaflix",,,#TheAddamsFamily #GeminiMan #JEXIMovie #ParasiteMovie #Metaflix,1182273444165144577,https://twitter.com/Metaflix_/status/1182273444165144577
2019-10-10 12:23:01,ship_kill,,0,4,49,"This movie is such a masterpieces #ParasiteMovie #parasitepic.twitter.com/QPGRz7MHCs",,,#ParasiteMovie #parasitepic,1182270309535117312,https://twitter.com/ship_kill/status/1182270309535117312
2019-10-10 12:19:31,hollywoodnews,,0,0,1,"“Parasite” Is A Perfect Film From A Master In Bong Joon Ho #Parasite #ParasiteMovie #BongJoonHo #Bonghive @ParasiteMovie https://www.hollywoodnews.com/2019/10/10/parasite-is-a-perfect-film-from-a-master-in-bong-joon-ho/ …pic.twitter.com/sKS0ACpD3b",,@ParasiteMovie,#Parasite #ParasiteMovie #BongJoonHo #Bonghive,1182269426147713024,https://twitter.com/hollywoodnews/status/1182269426147713024
2019-10-10 10:12:31,TheMovieChaser,lilgoldmen,0,0,1,"Your British cinephile problem is NOTHING compared to our graver Philippine chiephile and @StarWarsPH fandom problem! #ParasiteMovie problem is nothing compared to #StarWars problem. #StarWars Ep 9: #TheRiseOfSkywalker will rise LATE on January 8, 2020 in Philippine cinemas.pic.twitter.com/DUOhKLm5sL",,@StarWarsPH,#ParasiteMovie #StarWars #StarWars #TheRiseOfSkywalker,1182237466830475264,https://twitter.com/TheMovieChaser/status/1182237466830475264
2019-10-10 09:27:51,GrahamJohnstone,,0,0,0,"It's been over a month since I saw #Parasite and can't stop thinking about it!! Went in knowing nothing, came out enthralled at what I had just seen...an incredible experience and absolute masterpiece! Listen up @TheAcademy !! @ParasiteMovie #ParasiteMovie",,@TheAcademy @ParasiteMovie,#Parasite #ParasiteMovie,1182226226053865472,https://twitter.com/GrahamJohnstone/status/1182226226053865472
2019-10-10 02:11:17,TheJaredWhite,,0,1,6,"Bong Joon Ho’s “Parasite” Sneak Preview Screening! #Parasite #ParasiteMovie pic.twitter.com/t0Vbu3pH11",,,#Parasite #ParasiteMovie,1182116358844121089,https://twitter.com/TheJaredWhite/status/1182116358844121089
2019-10-10 01:04:17,TheKoreaHerald,,0,1,10,"Bong Joon Ho and 'Parasite' are coming for you #Parasite #ParasiteMovie http://www.koreaherald.com/view.php?ud=20191010000185 …",,,#Parasite #ParasiteMovie,1182099497314222081,https://twitter.com/TheKoreaHerald/status/1182099497314222081
2019-10-10 00:47:27,CoDeeDee,,1,0,0,"I’ve existed 9567 days without seeing #ParasiteMovie and I’m not sure how much longer I have left in me",,,#ParasiteMovie,1182095261100888064,https://twitter.com/CoDeeDee/status/1182095261100888064
2019-10-10 00:08:46,Nightmar1sh,,0,3,8,"[Movie Review] @sarahmusnicky calls #ParasiteMovie one of the most relevant films of the year. Within this film, like the majority of fairytales, resides a warning that we must hear. http://www.nightmarishconjurings.com/2019/10/09/movie-review-parasite/ …",,@sarahmusnicky,#ParasiteMovie,1182085528478351361,https://twitter.com/Nightmar1sh/status/1182085528478351361
2019-10-09 22:59:45,elaine_antolin,TheKThree,1,0,0,"Aww! #ParasiteMovie was shown in Manila for a very short 2wks run and i missed it",,,#ParasiteMovie,1182068160117104641,https://twitter.com/elaine_antolin/status/1182068160117104641
2019-10-09 22:54:07,DexCroft,,0,0,2,"I forgot to tweet about the #ParasiteMovie the other day! AMAZING film! Really urge anyone to check it out cause it's funny, dramatic, terrifying, blood-pumping, goosebumpingly good! If you watch it and don't like it I'll let you slap me across the face.",,,#ParasiteMovie,1182066740429234176,https://twitter.com/DexCroft/status/1182066740429234176
2019-10-09 22:38:12,sunnsasha,,0,0,0,"Guys I just watched THE best film ever made. Prepare to hear all about for the next 3 years cause I rarely love movies like this #ParasiteMovie",,,#ParasiteMovie,1182062736626343937,https://twitter.com/sunnsasha/status/1182062736626343937
2019-10-09 21:54:09,Manar3jj,,0,0,0,"Just finished #ParasiteMovie. A disturbing movie, not sure if I loved or hated more! Anyway the story is extremely entertaining.. I think it’s a must watch!",,,#ParasiteMovie,1182051650938314753,https://twitter.com/Manar3jj/status/1182051650938314753
2019-10-09 21:36:49,igorgoncalves92,,0,0,1,"You guys really need to watch this one! Priceless! #ParasiteMovie #Parasitepic.twitter.com/fvd3ZMWfUF",,,#ParasiteMovie #Parasitepic,1182047290078441478,https://twitter.com/igorgoncalves92/status/1182047290078441478
2019-10-09 20:54:59,mmmfilm,,0,1,2,"#NYFF Review: PARASITE is an always shocking and thrilling ride from Bong Joon Ho that continues to subvert expectations from start to finish http://bit.ly/33rBvB9 #ParasiteMovie #NYFF57pic.twitter.com/L6ZGRXEQUD",,,#NYFF #ParasiteMovie #NYFF57pic,1182036762354425857,https://twitter.com/mmmfilm/status/1182036762354425857
2019-10-09 19:55:43,ldbahr,,0,0,5,"The #ParasiteMovie translator on ramdon: ""I was embarrassed because I made up this word 'ramdon.' I thought people would laugh at me for it, but it works in the film."" http://www.korea.net/NewsFocus/Culture/view?articleId=171974 …",,,#ParasiteMovie,1182021844653576192,https://twitter.com/ldbahr/status/1182021844653576192
2019-10-09 19:49:14,ayousry,,0,0,0,"Watched #ParasiteMovie last week and was so impressed that I spent all week watching Bong Joon-ho films! some I watched multiple times!!",,,#ParasiteMovie,1182020215804182530,https://twitter.com/ayousry/status/1182020215804182530
2019-10-09 18:38:43,Jan07New,SeonGyun75,0,0,1,"Can’t wait for this film to be availed in #Australia #ParasiteMovie #LeeSunGyun",,,#Australia #ParasiteMovie #LeeSunGyun,1182002469095628800,https://twitter.com/Jan07New/status/1182002469095628800
2019-10-09 18:31:23,cstvnsn,FilmLinc,0,2,2,"I cannot wait to see #ParasiteMovie and want to know as little as possible about it before I enter the theatre! https://twitter.com/FilmLinc/status/1181674527182540801 …",,,#ParasiteMovie,1182000621597188096,https://twitter.com/cstvnsn/status/1182000621597188096
2019-10-09 18:27:13,ScottMendelson,,3,13,39,"Review: Bong Joon Ho’s #ParasiteMovie Is A Biting, Thrilling And Witty Critique Of Upstairs/Downstairs Inequality via @forbes by @ScottMendelsonhttps://www.forbes.com/sites/scottmendelson/2019/10/09/parasite-review-bong-joon-hos-latest-is-a-biting-thrilling-and-witty-new-take-on-inequity/ …",,@forbes @ScottMendelsonhttps,#ParasiteMovie,1181999571754307584,https://twitter.com/ScottMendelson/status/1181999571754307584
2019-10-09 18:19:07,SeonGyun75,,1,1,5,"Thanks to CEO Park, the word ""sofa"" now has a whole different meaning for me #LeeSunKyun #LeeSunGyun #이선균 #ParasiteMovie #기생충 https://twitter.com/katiewalshstx/status/1181775004460937217 …pic.twitter.com/Ta49OGUg4d",,,#LeeSunKyun #LeeSunGyun #이선균 #ParasiteMovie #기생충,1181997535499444224,https://twitter.com/SeonGyun75/status/1181997535499444224
2019-10-09 17:22:53,InqEnt,,0,5,9,"Bong Joon-ho cites late Lino Brocka among Asian directors who influenced him https://entertainment.inquirer.net/347715/bong-joon-ho-cites-late-lino-brocka-among-asian-directors-who-influenced-him#ixzz61sWcQhE1 … @InqEnt #ParasiteMovie #BongJoonHo #ChoiWooShik #CannesFilmFestival #LinoBrocka #EntertainmentNews #Entertainment Follow & like Inquirer Entertainment on Facebook",,@InqEnt,#ixzz61sWcQhE1 #ParasiteMovie #BongJoonHo #ChoiWooShik #CannesFilmFestival #LinoBrocka #EntertainmentNews #Entertainment,1181983383640915968,https://twitter.com/InqEnt/status/1181983383640915968
2019-10-09 16:36:31,highway_asian,,0,0,1,"#ParasiteMovie opens on Oct. 11. Bong Joon Ho's latest #film is brilliant, a thought-provoking take on inequity and classism. We highly recommend you watch this film. https://www.ah1.live/filmtelevisionmusic/2019/10/8/film-review-parasite-is-the-convergence-of-popcorn-and-art … @ParasiteMovie",,@ParasiteMovie,#ParasiteMovie #film,1181971716202881025,https://twitter.com/highway_asian/status/1181971716202881025
2019-10-09 15:48:45,citizendamepod,,0,2,2,"It's Spooky Season on Citizen Dame! We discuss Garbage Men (sigh), Joker's RT score, crimes against Metropolis, and alllllllllll the horror films we love. Plus: #ParasiteMovie! https://citizendame.podbean.com/e/episode-93-ghost-dames/ …pic.twitter.com/hVwjXx8bma",,,#ParasiteMovie,1181959694757367808,https://twitter.com/citizendamepod/status/1181959694757367808
2019-10-09 15:03:01,rlwodms,,0,0,0,"Trying to watch this film in the US, but all evening slots are sold out #기생충 #NYFF #ParasiteMovie pic.twitter.com/tItNm9YTpz",,,#기생충 #NYFF #ParasiteMovie,1181948185213853696,https://twitter.com/rlwodms/status/1181948185213853696
2019-10-09 10:41:56,IntFilmCritique,,3,26,82,"Top 6 Films of the year so far: 1. #WavesMovie 2. #ParasiteMovie 3. #JustMercy 4. #JokerFilm 5. #LastBlackManInSanFrancisco 6. #PeanutButterFalcon #cinema #movie #FilmTwitter #Oscars2020pic.twitter.com/OGDFivYecN",,,#WavesMovie #ParasiteMovie #JustMercy #JokerFilm #LastBlackManInSanFrancisco #PeanutButterFalcon #cinema #movie #FilmTwitter #Oscars2020pic,1181882479797342208,https://twitter.com/IntFilmCritique/status/1181882479797342208
2019-10-09 00:55:17,akraefnis1,,0,0,1,"""Ki-taek: You know what kind of plan never fails? No plan. No plan at all. You know why? Because life cannot be planned."" http://kgpfilm.reviews/2019/10/09/parasite-2019-comedy-drama-thriller/ … #ParasiteMovie #comedy #drama #thriller #JoonHoBong #filmreviews #film #reviews #cinema #movies #production",,,#ParasiteMovie #comedy #drama #thriller #JoonHoBong #filmreviews #film #reviews #cinema #movies #production,1181734845426409473,https://twitter.com/akraefnis1/status/1181734845426409473
2019-10-08 21:58:56,FilmRoot,,0,0,0,"Parasite. Watch. Watch. Watch. #ParasiteMovie",,,#ParasiteMovie,1181690465243918336,https://twitter.com/FilmRoot/status/1181690465243918336
2019-10-08 21:35:59,parimalrohit,,0,0,0,"#ParasiteMovie opens in the U.S. on Oct. 11. It's brilliant, thought-provoking and emotionally moving. Check out my review. https://www.ah1.live/filmtelevisionmusic/2019/10/8/film-review-parasite-is-the-convergence-of-popcorn-and-art … #film #KoreanCinema @ParasiteMovie",,@ParasiteMovie,#ParasiteMovie #film #KoreanCinema,1181684689385295873,https://twitter.com/parimalrohit/status/1181684689385295873
2019-10-08 17:17:21,OurMovieGuide,,0,0,0,"Watch all the Trailers for Movies Opening This Week: #TheAddamsFamily; #GeminiMan; #Jexi; #ParasiteMovie..... http://bit.ly/2x1tUMp pic.twitter.com/TIhn2rVvoz",,,#TheAddamsFamily #GeminiMan #Jexi #ParasiteMovie,1181619603073622017,https://twitter.com/OurMovieGuide/status/1181619603073622017
2019-10-08 15:32:38,Rantaramic,,0,0,0,"Just saw the Korean #movie that won the Palme d'Or at Cannes this year and has a 100% RT rating Everyone involved in its production - and I mean everyone - needs their head checked. Absolutely mental and absolutely magnificent. 10/10 #ParasiteMovie https://twitter.com/search?q=parasite%20movie&src=typeahead_click …",,,#movie #ParasiteMovie,1181593249560977409,https://twitter.com/Rantaramic/status/1181593249560977409
2019-10-08 10:13:56,TheMovieChaser,TheMovieChaser,0,0,0,"The BIG similarity between #AvengersEndgame 7/10 and #ParasiteMovie 7/10 is that Both films are more of exhilarating THEME PARK movies rather than emotionally cinematic films. So what is wrong with THEME PARK movies then Martin @ScorseseMartin? https://twitter.com/TheMovieChaser/status/1181445471761387520 …",,@ScorseseMartin,#AvengersEndgame #ParasiteMovie,1181513048428707840,https://twitter.com/TheMovieChaser/status/1181513048428707840
2019-10-08 07:18:18,CineMovie,NerdHag,0,0,0,"#ParasiteMovie #screening tonighthttps://twitter.com/NerdHag/status/1181446418474553344 …",,,#ParasiteMovie #screening,1181468845350899712,https://twitter.com/CineMovie/status/1181468845350899712
2019-10-08 05:49:11,NerdHag,,0,0,1,"Wow! #Parasitemovie from Korea is one of the most original films I’ve seen in a long time. The story of the have and have nots is brilliantly re-imagined. It gets my vote for best foreign film. pic.twitter.com/y6D07WqAE7",,,#Parasitemovie,1181446418474553344,https://twitter.com/NerdHag/status/1181446418474553344
2019-10-08 03:04:03,Fulmer,LeslyeHeadland,0,0,0,"It's been awhile since I was this excited to see a film. The buzz is deafening. #ParasiteMovie",,,#ParasiteMovie,1181404864842215425,https://twitter.com/Fulmer/status/1181404864842215425
2019-10-08 01:43:52,TheMovieChaser,TheNYFF,0,0,0,"It DOES NOT! #Parasite 7/10 does not resonate physically or mentally. As exhilirating as it is #ParasiteMovie chooses to be more of a THEME PARK movie rather than an emotionally cinematic movie. FACT! https://twitter.com/TheMovieChaser/status/1161700353445773312?s=19 …",,,#Parasite #ParasiteMovie,1181384685978447873,https://twitter.com/TheMovieChaser/status/1181384685978447873
2019-10-08 01:42:50,TheMovieChaser,TheNYFF,0,0,0,"It DOES NOT! #Parasite 7/10 does not resonate physically or mentally. As exhilirating as it is #ParasiteMovie chooses to be more of a THEME PARK movie rather than an emotionally cinematic movie. FACT! https://twitter.com/TheMovieChaser/status/1161700353445773312?s=19 …",,,#Parasite #ParasiteMovie,1181384423620497409,https://twitter.com/TheMovieChaser/status/1181384423620497409
2019-10-08 01:39:23,TheMovieChaser,NextBestPicture,0,0,0,"#Parasite 7/10 does not resonate physically or mentally. As exhilirating as it is #ParasiteMovie chooses to be more of a THEME PARK movie rather than an emotionally compelling movie. https://twitter.com/TheMovieChaser/status/1161700353445773312?s=19 …",,,#Parasite #ParasiteMovie,1181383556007751681,https://twitter.com/TheMovieChaser/status/1181383556007751681
2019-10-08 00:05:31,LukaSalazar,,0,0,0,"#ParasiteMovie is phenomenal. A harrowing and heart wrenching exploration of economic-class relations, with the perfect balance of sharp humor and tear-jerking hope to keep you inspired.",,,#ParasiteMovie,1181359932949426176,https://twitter.com/LukaSalazar/status/1181359932949426176
2019-10-07 22:20:59,samcampbell79,,1,0,0,"@CineplexMovies Is #ParasiteMovie getting a Vancouver release? I can't find any info on your website.",,@CineplexMovies,#ParasiteMovie,1181333626627035137,https://twitter.com/samcampbell79/status/1181333626627035137
2019-10-07 20:00:33,filmwaxradio,,1,4,18,"Thrilled to meet one of my favorite actors, Song Kang Ho, who stars in Bon Joon Ho’s upcoming PARASITE. Opens Friday in NYC & LA. Stay tuned! @neonrated #ParasiteMovie pic.twitter.com/p1JMls4eCe",,@neonrated,#ParasiteMovie,1181298286164099072,https://twitter.com/filmwaxradio/status/1181298286164099072
2019-10-07 19:39:41,lonny_aster,,0,0,2,"93 countries all vying for the coveted ""Best International Feature"" Oscar... Time will boil it down to just 10 nominations and then a winner will be crowned in February. Sorry to all the other films but #ParasiteMovie has my vote for literally every award. https://twitter.com/THR/status/1181292078032179200 …pic.twitter.com/i02OgUjrwx",,,#ParasiteMovie,1181293035201728514,https://twitter.com/lonny_aster/status/1181293035201728514
2019-10-07 19:34:50,RamasScreen,,0,0,0,"I'm rooting for #Parasite #ParasiteMovie to win the upcoming Oscar for best foreign film category but here's for your information, ninety-three countries have... https://www.ramascreen.com/these-93-countries-are-in-competition-for-this-years-international-feature-film-oscar/ …",,,#Parasite #ParasiteMovie,1181291812444655616,https://twitter.com/RamasScreen/status/1181291812444655616
2019-10-07 16:03:27,_melpiper,,1,0,1,"Bong Joon-Ho's 'Parasite' blows my mind. #ParasiteMovie",,,#ParasiteMovie,1181238616636436480,https://twitter.com/_melpiper/status/1181238616636436480
2019-10-07 07:33:10,bopirate25,,0,0,1,"Speechless after Parasite @ParasiteMovie #ParasiteMovie",,@ParasiteMovie,#ParasiteMovie,1181110200725409792,https://twitter.com/bopirate25/status/1181110200725409792
2019-10-07 07:04:01,mjaikanth,,0,0,3,"Finished watching both of these :) #spy #ParasiteMovie pic.twitter.com/wTD1aVdZxH",,,#spy #ParasiteMovie,1181102864975851520,https://twitter.com/mjaikanth/status/1181102864975851520
2019-10-07 06:39:22,ms_max_fischer,,0,0,3,"Movie of the week: Parasite. Genre bending, hilarious, terrifying, beautiful, near perfect film. See it. #VIFF #ParasiteMovie",,,#VIFF #ParasiteMovie,1181096661793132544,https://twitter.com/ms_max_fischer/status/1181096661793132544
2019-10-07 03:50:26,DempseyPillot,,0,0,2,"#Parasite is not only a clever commentary on class; it’s an examination into the price of success. Check out my full #review here: https://youtu.be/EJpPPnfJb8g #ParasiteMovie #International #Comedy #Film #Bonghive #FilmTwitter #AwardsSeason #Oscars2020 #Cannes #movies #smallyoutuber",,,#Parasite #review #ParasiteMovie #International #Comedy #Film #Bonghive #FilmTwitter #AwardsSeason #Oscars2020 #Cannes #movies #smallyoutuber,1181054148596424704,https://twitter.com/DempseyPillot/status/1181054148596424704
2019-10-07 03:49:13,KdnNour,,0,0,0,"#ParasiteMovie #parasite2019 great movie pic.twitter.com/luL5Ngm9IB",,,#ParasiteMovie #parasite2019,1181053843662147584,https://twitter.com/KdnNour/status/1181053843662147584
2019-10-07 02:49:13,missfara,,1,0,0,"I didn't expect #ParasiteMovie ended like this",,,#ParasiteMovie,1181038741001031682,https://twitter.com/missfara/status/1181038741001031682
2019-10-07 01:01:58,SeonGyun75,,1,5,9,"Casually_promoting_your_own_movies(part2).mp4 quote from #ParasiteMovie #TransSiberianPathfinders #LeeSunKyun #LeeSunGyun #이선균 #KimNamGil #김남길 #LeeSangYeob #이상엽 #시베리아선발대pic.twitter.com/7NSVbmrnnw",,,#ParasiteMovie #TransSiberianPathfinders #LeeSunKyun #LeeSunGyun #이선균 #KimNamGil #김남길 #LeeSangYeob #이상엽 #시베리아선발대pic,1181011750545608704,https://twitter.com/SeonGyun75/status/1181011750545608704
2019-10-06 08:26:33,BeeVee23,OnePerfectShot,0,0,0,"This is a brilliant film. It opened in cinemas here in May - and it's still on, 18 weeks later! I really like all of Boon Jong-Ho's films, but this one is so layered. You'll laugh, but you'll also be shocked. #ParasiteMovie is outstanding cinema",,,#ParasiteMovie,1180761247777775616,https://twitter.com/BeeVee23/status/1180761247777775616
2019-10-06 03:47:45,EllisBelle1,Variety_Film,0,0,0,"Because it's a damn good movie. Go watch #ParasiteMovie https://twitter.com/Variety_Film/status/1180690787270414337 …",,,#ParasiteMovie,1180691086542397440,https://twitter.com/EllisBelle1/status/1180691086542397440
2019-10-06 03:26:50,EzraCubero,,0,2,6,"Went into Bong Joon-ho's Parasite without knowing a thing about it other than the rave reactions and so glad I did! Believe the hype because it's among the best films of the year. #ParasiteMovie #NYFFpic.twitter.com/iEZbQu6NxF",,,#ParasiteMovie #NYFFpic,1180685820547801088,https://twitter.com/EzraCubero/status/1180685820547801088
2019-10-06 03:26:02,imTulip,,1,0,3,"She brought a basket of peaches. Lol. #ParasiteMovie pic.twitter.com/Md4acNK2El",,,#ParasiteMovie,1180685621670621185,https://twitter.com/imTulip/status/1180685621670621185
2019-10-05 23:18:09,Lam_Ou,,0,0,1,"Parasite is probably one of the best movies i've watched in years #ParasiteMovie pic.twitter.com/tOvRK6RjDS",,,#ParasiteMovie,1180623236465352705,https://twitter.com/Lam_Ou/status/1180623236465352705
2019-10-05 17:02:00,sairamay5,,1,0,5,"Interesting thriller watched #ParasiteMovie i.e.,reffered by @smiley_saiteja after #VellaiPookal & #Thadam many more to come in Indian Cinema.",,@smiley_saiteja,#ParasiteMovie #VellaiPookal #Thadam,1180528576707223552,https://twitter.com/sairamay5/status/1180528576707223552
2019-10-05 16:58:01,thelovelypossum,,1,1,10,"Tbh one of the coolest double features I could think of. Once both these movies come to home release I’ll be rewatching them back to back. Two of the best this year. Two excellent examples of portraying themes of classism. #ParasiteMovie #JokerMoviepic.twitter.com/h8TllYbgZ4",,,#ParasiteMovie #JokerMoviepic,1180527575388626946,https://twitter.com/thelovelypossum/status/1180527575388626946
2019-10-05 14:43:24,WrathyMe,,0,0,0,"With no plan, nothing can go wrong. #ParasiteMovie",,,#ParasiteMovie,1180493696363401216,https://twitter.com/WrathyMe/status/1180493696363401216
2019-10-05 13:00:15,amshu321,,3,0,3,"#ParasiteMovie This movie blew me away.... Please y'all watch this movie...You won't be disappointed. pic.twitter.com/WUFCH62ULN",,,#ParasiteMovie,1180467739778936832,https://twitter.com/amshu321/status/1180467739778936832
2019-10-05 06:59:14,bibillicious,,0,0,0,"Loved it #ParasiteMovie pic.twitter.com/fbD78hwgbz",,,#ParasiteMovie,1180376885508878336,https://twitter.com/bibillicious/status/1180376885508878336
2019-10-05 05:18:34,AcapKymy,,1,0,5,"I would say i never got off my seat for 133 mins of #ParasiteMovie , it was",,,#ParasiteMovie,1180351553984532480,https://twitter.com/AcapKymy/status/1180351553984532480
2019-10-05 04:01:57,Carlillacp,,0,0,1,"Vimos #ParasiteMovie y OMFG.",,,#ParasiteMovie,1180332271326380032,https://twitter.com/Carlillacp/status/1180332271326380032
2019-10-05 02:14:07,DevilsAdvcate,,1,0,0,"How or where to watch #ParasiteMovie ?",,,#ParasiteMovie,1180305133386600448,https://twitter.com/DevilsAdvcate/status/1180305133386600448
2019-10-05 01:00:00,unreservedmedia,,0,1,2,"Here are #UNRESERVED's news highlights from the last #7DAYS: http://youtube.com/watch?v=bVJeQMNPMFE … #unreservedmedia #Parasite #ParasiteMovie #BIFF2019 #BIFFest2019 #BIFF #Vice #ViceMedia #Refinery29 #BorisJohnson #UKParliament #environment #ClimateCrisis #Plastic #Chinapic.twitter.com/v0CZoXdS7g",,,#UNRESERVED #7DAYS #unreservedmedia #Parasite #ParasiteMovie #BIFF2019 #BIFFest2019 #BIFF #Vice #ViceMedia #Refinery29 #BorisJohnson #UKParliament #environment #ClimateCrisis #Plastic #Chinapic,1180286480951857153,https://twitter.com/unreservedmedia/status/1180286480951857153
2019-10-05 00:51:17,mrosskane,,0,1,5,"I’m looking forward to seeing #ParasiteMovie https://www.rottentomatoes.com/m/parasite_2019/ …",,,#ParasiteMovie,1180284289474269185,https://twitter.com/mrosskane/status/1180284289474269185
